i,step,speed,pwm
0,53631318,0.60,-357.04,1740
1,53633318,0.60,-357.04,1740
2,53635318,0.60,-357.04,1740
3,53637317,0.60,-321.33,1740
4,53639318,0.60,-321.33,1740
5,53641318,0.60,-321.33,1740
6,53643317,0.60,-289.20,1740
7,53645318,0.60,-289.20,1740
8,53647318,0.60,-289.20,1740
9,53649317,0.60,-260.28,1740
10,53651318,0.60,-260.28,1740
11,53653318,0.60,-260.28,1740
12,53655317,0.60,-234.25,1740
13,53657318,0.60,-234.25,1740
14,53659318,0.60,-234.25,1740
15,53661317,0.60,-210.83,1740
16,53663318,0.60,-210.83,1740
17,53665318,0.60,-210.83,1740
18,53667317,0.60,-189.74,1740
19,53669318,0.60,-189.74,1740
20,53671318,0.60,-189.74,1740
21,53673317,0.60,-170.77,1740
22,53675318,0.60,-170.77,1740
23,53677318,0.60,-170.77,1740
24,53679317,0.60,-153.69,1740
25,53681318,0.60,-153.69,1740
26,53683318,0.60,-153.69,1740
27,53685317,0.60,-138.32,1740
28,53687318,0.60,-138.32,1740
29,53689318,0.60,-138.32,1740
30,53691317,0.60,-124.49,1740
31,53693318,0.60,-124.49,1740
32,53695318,0.60,-124.49,1740
33,53697317,0.60,-112.04,1740
34,53699318,0.60,-112.04,1740
35,53701318,0.60,-112.04,1740
36,53703317,0.60,-100.84,1740
37,53705318,0.60,-100.84,1740
38,53707318,0.60,-100.84,1740
39,53709317,0.60,-90.75,1740
40,53711318,0.60,-90.75,1740
41,53713318,0.60,-90.75,1740
42,53715317,0.60,-81.68,1740
43,53717318,0.60,-81.68,1740
44,53719318,0.60,-81.68,1740
45,53721317,0.60,-73.51,1740
46,53723318,0.60,-73.51,1740
47,53725318,0.60,-73.51,1740
48,53727317,0.60,-66.16,1740
49,53729318,0.60,-66.16,1740
50,53731318,0.60,-66.16,1740
51,53733317,0.60,-59.54,1740
52,53735318,0.60,-59.54,1740
53,53737318,0.60,-59.54,1740
54,53739317,0.60,-53.59,1740
55,53741318,0.60,-53.59,1740
56,53743318,0.60,-53.59,1740
57,53745317,0.60,-48.12,1740
58,53747318,0.60,-48.12,1740
59,53749317,0.60,-48.12,1740
60,53751318,0.60,-42.34,1740
61,53753318,0.60,-42.34,1740
62,53755317,0.60,-42.34,1740
63,53757318,0.60,-37.54,1740
64,53759318,0.60,-37.54,1740
65,53761318,0.60,-37.54,1740
66,53763317,0.60,-34.35,1740
67,53765318,0.60,-34.35,1740
68,53767317,0.60,-34.35,1740
69,53769318,0.60,-31.59,1740
70,53771318,0.60,-31.59,1740
71,53773318,0.60,-31.59,1740
72,53775317,0.60,-28.21,1740
73,53777318,0.60,-28.21,1740
74,53779317,0.60,-28.21,1740
75,53781318,0.60,-24.99,1740
76,53783318,0.60,-24.99,1740
77,53785318,0.60,-24.99,1740
78,53787317,0.60,-25.39,1740
79,53789318,0.60,-25.39,1740
80,53791317,0.60,-25.39,1740
81,53793318,0.60,-28.02,1740
82,53795318,0.60,-28.02,1740
83,53797317,0.60,-28.02,1740
84,53799318,0.60,-31.70,1740
85,53801318,0.60,-31.70,1740
86,53803318,0.60,-31.70,1740
87,53805317,0.60,-35.74,1740
88,53807318,0.60,-35.74,1740
89,53809318,0.60,-35.74,1740
90,53811317,0.60,-39.78,1740
91,53813318,0.60,-39.78,1740
92,53815318,0.60,-39.78,1740
93,53817317,0.60,-43.70,1740
94,53819318,0.60,-43.70,1740
95,53821318,0.60,-43.70,1740
96,53823317,0.60,-47.57,1740
97,53825318,0.60,-47.57,1740
98,53827317,0.60,-47.57,1740
99,53829318,0.60,-51.10,1740
100,53831318,0.60,-51.10,1740
101,53833317,0.60,-51.10,1740
102,53835318,0.60,-54.46,1740
103,53837318,0.60,-54.46,1740
104,53839318,0.60,-54.46,1740
105,53841317,0.60,-57.48,1740
106,53843318,0.60,-57.48,1740
107,53845318,0.60,-57.48,1740
108,53847317,0.60,-60.08,1740
109,53849318,0.60,-60.08,1740
110,53851317,0.60,-60.08,1740
111,53853318,0.60,-62.37,1740
112,53855318,0.60,-62.37,1740
113,53857318,0.60,-62.37,1740
114,53859317,0.60,-64.26,1740
115,53861318,0.60,-64.26,1740
116,53863317,0.60,-64.26,1740
117,53865318,0.60,-66.02,1740
118,53867318,0.60,-66.02,1740
119,53869318,0.60,-66.02,1740
120,53871317,0.60,-70.32,1740
121,53873318,0.60,-70.32,1740
122,53875318,0.60,-70.32,1740
123,53877317,0.60,-76.92,1740
124,53879318,0.60,-76.92,1740
125,53881317,0.60,-76.92,1740
126,53883318,0.60,-84.46,1740
127,53885318,0.60,-84.46,1740
128,53887317,0.60,-84.46,1740
129,53889318,0.60,-93.34,1740
130,53891318,0.60,-93.34,1740
131,53893318,0.60,-93.34,1740
132,53895317,0.60,-103.78,1740
133,53897318,0.60,-103.78,1740
134,53899317,0.60,-103.78,1740
135,53901318,0.60,-115.21,1740
136,53903318,0.60,-115.21,1740
137,53905317,0.60,-115.21,1740
138,53907318,0.60,-127.84,1740
139,53909318,0.60,-127.84,1740
140,53911317,0.60,-127.84,1740
141,53913318,0.60,-141.19,1740
142,53915318,0.60,-141.19,1740
143,53917317,0.60,-141.19,1740
144,53919318,0.60,-154.40,1740
145,53921318,0.60,-154.40,1740
146,53923318,0.60,-154.40,1740
147,53925317,0.60,-167.43,1740
148,53927318,0.60,-167.43,1740
149,53929317,0.60,-167.43,1740
150,53931318,0.60,-180.28,1740
151,53933318,0.60,-180.28,1740
152,53935318,0.60,-180.28,1740
153,53937317,0.60,-193.05,1740
154,53939318,0.60,-193.05,1740
155,53941317,0.60,-193.05,1740
156,53943318,0.60,-205.61,1740
157,53945318,0.60,-205.61,1740
158,53947317,0.60,-205.61,1740
159,53949318,0.60,-218.06,1740
160,53951318,0.60,-218.06,1740
161,53953318,0.60,-218.06,1740
162,53955318,0.60,-230.46,1740
163,53957318,0.60,-230.46,1740
164,53959317,0.60,-230.46,1740
165,53961318,0.60,-242.69,1740
166,53963318,0.60,-242.69,1740
167,53965317,0.60,-242.69,1740
168,53967318,0.60,-254.90,1740
169,53969318,0.60,-254.90,1740
170,53971318,0.60,-254.90,1740
171,53973317,0.60,-266.91,1740
172,53975318,0.60,-266.91,1740
173,53977318,0.60,-266.91,1740
174,53979317,0.60,-278.91,1740
175,53981318,0.60,-278.91,1740
176,53983318,0.60,-278.91,1740
177,53985317,0.60,-290.79,1740
178,53987318,0.60,-290.79,1740
179,53989317,0.60,-290.79,1740
180,53991318,0.60,-302.61,1740
181,53993318,0.60,-302.61,1740
182,53995317,0.60,-302.61,1740
183,53997318,0.60,-314.33,1740
184,53999318,0.60,-314.33,1740
185,54001317,0.60,-314.33,1740
186,54003318,0.60,-325.97,1740
187,54005318,0.60,-325.97,1740
188,54007317,0.60,-325.97,1740
189,54009318,0.60,-337.57,1740
190,54011318,0.60,-337.57,1740
191,54013318,0.60,-337.57,1740
192,54015317,0.60,-348.99,1740
193,54017318,0.60,-348.99,1740
194,54019318,0.60,-348.99,1740
195,54021317,0.60,-359.82,1740
196,54023318,0.60,-359.82,1740
197,54025318,0.60,-359.82,1740
198,54027317,0.60,-370.09,1740
199,54029318,0.60,-370.09,1740
200,54031317,0.60,-370.09,1740
201,54033318,0.60,-379.72,1740
202,54035318,0.60,-379.72,1740
203,54037318,0.60,-379.72,1740
204,54039317,0.60,-388.68,1740
205,54041318,0.60,-388.68,1740
206,54043318,0.60,-388.68,1740
207,54045317,0.60,-396.92,1740
208,54047318,0.60,-396.92,1740
209,54049317,0.60,-396.92,1740
210,54051318,0.60,-404.49,1740
211,54053318,0.60,-404.49,1740
212,54055317,0.60,-404.49,1740
213,54057318,0.60,-411.53,1740
214,54059318,0.60,-411.53,1740
215,54061318,0.60,-411.53,1740
216,54063317,0.60,-417.83,1740
217,54065318,0.60,-417.83,1740
218,54067317,0.60,-417.83,1740
219,54069318,0.60,-423.64,1740
220,54071318,0.60,-423.64,1740
221,54073317,0.60,-423.64,1740
222,54075318,0.60,-429.00,1740
223,54077318,0.60,-429.00,1740
224,54079317,0.60,-429.00,1740
225,54081318,0.60,-433.78,1740
226,54083317,0.60,-433.78,1740
227,54085318,0.60,-433.78,1740
228,54087318,0.60,-438.07,1740
229,54089318,0.60,-438.07,1740
230,54091318,0.60,-438.07,1740
231,54093317,0.60,-441.92,1740
232,54095318,0.60,-441.92,1740
233,54097318,0.60,-441.92,1740
234,54099317,0.60,-445.51,1740
235,54101318,0.60,-445.51,1740
236,54103317,0.60,-445.51,1740
237,54105318,0.60,-448.51,1740
238,54107318,0.60,-448.51,1740
239,54109318,0.60,-448.51,1740
240,54111317,0.60,-451.50,1740
241,54113318,0.60,-451.50,1740
242,54115317,0.60,-451.50,1740
243,54117318,0.60,-454.07,1740
244,54119318,0.60,-454.07,1740
245,54121317,0.60,-454.07,1740
246,54123318,0.60,-456.38,1740
247,54125318,0.60,-456.38,1740
248,54127317,0.60,-456.38,1740
249,54129318,0.60,-458.53,1740
250,54131318,0.60,-458.53,1740
251,54133317,0.60,-458.53,1740
252,54135318,0.60,-460.34,1740
253,54137318,0.60,-460.34,1740
254,54139317,0.60,-460.34,1740
255,54141318,0.60,-462.09,1740
256,54143318,0.60,-462.09,1740
257,54145318,0.60,-462.09,1740
258,54147317,0.60,-463.61,1740
259,54149318,0.60,-463.61,1740
260,54151318,0.60,-463.61,1740
261,54153317,0.60,-464.98,1740
262,54155318,0.60,-464.98,1740
263,54157318,0.60,-464.98,1740
264,54159317,0.60,-466.37,1740
265,54161318,0.60,-466.37,1740
266,54163317,0.60,-466.37,1740
267,54165318,0.60,-467.45,1740
268,54167318,0.60,-467.45,1740
269,54169318,0.60,-467.45,1740
270,54171317,0.60,-468.49,1740
271,54173318,0.60,-468.49,1740
272,54175318,0.60,-468.49,1740
273,54177317,0.60,-469.43,1740
274,54179318,0.60,-469.43,1740
275,54181318,0.60,-469.43,1740
276,54183317,0.60,-470.21,1740
277,54185318,0.60,-470.21,1740
278,54187318,0.60,-470.21,1740
279,54189317,0.60,-470.97,1740
280,54191318,0.60,-470.97,1740
281,54193318,0.60,-470.97,1740
282,54195317,0.60,-471.48,1740
283,54197318,0.60,-471.48,1740
284,54199318,0.60,-471.48,1740
285,54201317,0.60,-472.22,1740
286,54203318,0.60,-472.22,1740
287,54205318,0.60,-472.22,1740
288,54207317,0.60,-472.72,1740
289,54209318,0.60,-472.72,1740
290,54211317,0.60,-472.72,1740
291,54213318,0.60,-473.34,1740
292,54215318,0.60,-473.34,1740
293,54217318,0.60,-473.34,1740
294,54219317,0.60,-473.79,1740
295,54221318,0.60,-473.79,1740
296,54223317,0.60,-473.79,1740
297,54225318,0.60,-474.19,1740
298,54227318,0.60,-474.19,1740
299,54229318,0.60,-474.19,1740
300,54231317,0.60,-474.67,1740
301,54233318,0.60,-474.67,1740
302,54235317,0.60,-474.67,1740
303,54237318,0.60,-474.87,1740
304,54239318,0.60,-474.87,1740
305,54241318,0.60,-474.87,1740
306,54243317,0.60,-475.34,1740
307,54245317,0.60,-475.34,1740
308,54247318,0.60,-475.34,1740
309,54249318,0.60,-475.64,1740
310,54251318,0.60,-475.64,1740
311,54253317,0.60,-475.64,1740
312,54255318,0.60,-475.85,1740
313,54257318,0.60,-475.85,1740
314,54259317,0.60,-475.85,1740
315,54261318,0.60,-476.16,1740
316,54263318,0.60,-476.16,1740
317,54265317,0.60,-476.16,1740
318,54267318,0.60,-476.38,1740
319,54269318,0.60,-476.38,1740
320,54271317,0.60,-476.38,1740
321,54273318,0.60,-476.52,1740
322,54275318,0.60,-476.52,1740
323,54277317,0.60,-476.52,1740
324,54279318,0.60,-476.65,1740
325,54281318,0.60,-476.65,1740
326,54283318,0.60,-476.65,1740
327,54285317,0.60,-476.72,1740
328,54287318,0.60,-476.72,1740
329,54289317,0.60,-476.72,1740
330,54291318,0.60,-476.93,1740
331,54293318,0.60,-476.93,1740
332,54295318,0.60,-476.93,1740
333,54297317,0.60,-476.86,1740
334,54299318,0.60,-476.86,1740
335,54301317,0.60,-476.86,1740
336,54303318,0.60,-477.00,1740
337,54305318,0.60,-477.00,1740
338,54307318,0.60,-477.00,1740
339,54309317,0.60,-477.09,1740
340,54311318,0.60,-477.09,1740
341,54313318,0.60,-477.09,1740
342,54315318,0.60,-477.16,1740
343,54317317,0.60,-477.16,1740
344,54319318,0.60,-477.16,1740
345,54321318,0.60,-477.28,1740
346,54323318,0.60,-477.28,1740
347,54325318,0.60,-477.28,1740
348,54327317,0.60,-477.27,1740
349,54329318,0.60,-477.27,1740
350,54331317,0.60,-477.27,1740
351,54333318,0.60,-477.49,1740
352,54335318,0.60,-477.49,1740
353,54337317,0.60,-477.49,1740
354,54339318,0.60,-477.36,1740
355,54341318,0.60,-477.36,1740
356,54343317,0.60,-477.36,1740
357,54345318,0.60,-477.57,1740
358,54347318,0.60,-477.57,1740
359,54349317,0.60,-477.57,1740
360,54351318,0.60,-477.65,1740
361,54353318,0.60,-477.65,1740
362,54355317,0.60,-477.65,1740
363,54357318,0.60,-477.61,1740
364,54359318,0.60,-477.61,1740
365,54361318,0.60,-477.61,1740
366,54363317,0.60,-477.81,1740
367,54365318,0.60,-477.81,1740
368,54367318,0.60,-477.81,1740
369,54369317,0.60,-477.92,1740
370,54371318,0.60,-477.92,1740
371,54373317,0.60,-477.92,1740
372,54375318,0.60,-477.96,1740
373,54377318,0.60,-477.96,1740
374,54379317,0.60,-477.96,1740
375,54381318,0.60,-477.94,1740
376,54383318,0.60,-477.94,1740
377,54385317,0.60,-477.94,1740
378,54387318,0.60,-477.93,1740
379,54389318,0.60,-477.93,1740
380,54391317,0.60,-477.93,1740
381,54393318,0.60,-478.03,1740
382,54395318,0.60,-478.03,1740
383,54397318,0.60,-478.03,1740
384,54399317,0.60,-477.96,1740
385,54401318,0.60,-477.96,1740
386,54403318,0.60,-477.96,1740
387,54405317,0.60,-478.06,1740
388,54407318,0.60,-478.06,1740
389,54409317,0.60,-478.06,1740
390,54411318,0.60,-478.08,1740
391,54413318,0.60,-478.08,1740
392,54415318,0.60,-478.08,1740
393,54417317,0.60,-478.06,1740
394,54419318,0.60,-478.06,1740
395,54421317,0.60,-478.06,1740
396,54423318,0.60,-478.09,1740
397,54425318,0.60,-478.09,1740
398,54427318,0.60,-478.09,1740
399,54429317,0.60,-478.01,1740
400,54431318,0.60,-478.01,1740
401,54433318,0.60,-478.01,1740
402,54435317,0.60,-478.04,1740
403,54437318,0.60,-478.04,1740
404,54439317,0.60,-478.04,1740
405,54441318,0.60,-477.78,1740
406,54443318,0.60,-477.78,1740
407,54445317,0.60,-477.78,1740
408,54447318,0.60,-477.96,1740
409,54449318,0.60,-477.96,1740
410,54451318,0.60,-477.96,1740
411,54453317,0.60,-478.01,1740
412,54455318,0.60,-478.01,1740
413,54457317,0.60,-478.01,1740
414,54459318,0.60,-477.98,1740
415,54461318,0.60,-477.98,1740
416,54463317,0.60,-477.98,1740
417,54465318,0.60,-478.08,1740
418,54467318,0.60,-478.08,1740
419,54469317,0.60,-478.08,1740
420,54471318,0.60,-478.05,1740
421,54473318,0.60,-478.05,1740
422,54475318,0.60,-478.05,1740
423,54477317,0.60,-478.04,1740
424,54479318,0.60,-478.04,1740
425,54481317,0.60,-478.04,1740
426,54483318,0.60,-478.01,1740
427,54485318,0.60,-478.01,1740
428,54487317,0.60,-478.01,1740
429,54489318,0.60,-477.98,1740
430,54491318,0.60,-477.98,1740
431,54493317,0.60,-477.98,1740
432,54495318,0.60,-478.02,1740
433,54497318,0.60,-478.02,1740
434,54499317,0.60,-478.02,1740
435,54501318,0.60,-477.94,1740
436,54503318,0.60,-477.94,1740
437,54505317,0.60,-477.94,1740
438,54507318,0.60,-477.93,1740
439,54509318,0.60,-477.93,1740
440,54511317,0.60,-477.93,1740
441,54513318,0.60,-477.97,1740
442,54515318,0.60,-477.97,1740
443,54517317,0.60,-477.97,1740
444,54519318,0.60,-477.96,1740
445,54521318,0.60,-477.96,1740
446,54523317,0.60,-477.96,1740
447,54525318,0.60,-477.95,1740
448,54527318,0.60,-477.95,1740
449,54529318,0.60,-477.95,1740
450,54531317,0.60,-477.88,1740
451,54533318,0.60,-477.88,1740
452,54535318,0.60,-477.88,1740
453,54537317,0.60,-477.99,1740
454,54539318,0.60,-477.99,1740
455,54541318,0.60,-477.99,1740
456,54543317,0.60,-477.91,1740
457,54545318,0.60,-477.91,1740
458,54547318,0.60,-477.91,1740
459,54549318,0.60,-478.01,1740
460,54551318,0.60,-478.01,1740
461,54553318,0.60,-478.01,1740
462,54555317,0.60,-478.05,1740
463,54557318,0.60,-478.05,1740
464,54559318,0.60,-478.05,1740
465,54561317,0.60,-478.02,1740
466,54563318,0.60,-478.02,1740
467,54565317,0.60,-478.02,1740
468,54567318,0.60,-478.05,1740
469,54569318,0.60,-478.05,1740
470,54571317,0.60,-478.05,1740
471,54573318,0.60,-477.97,1740
472,54575318,0.60,-477.97,1740
473,54577317,0.60,-477.97,1740
474,54579318,0.60,-478.01,1740
475,54581318,0.60,-478.01,1740
476,54583318,0.60,-478.01,1740
477,54585317,0.60,-478.05,1740
478,54587318,0.60,-478.05,1740
479,54589317,0.60,-478.05,1740
480,54591318,0.60,-477.97,1740
481,54593318,0.60,-477.97,1740
482,54595317,0.60,-477.97,1740
483,54597318,0.60,-478.01,1740
484,54599318,0.60,-478.01,1740
485,54601318,0.60,-478.01,1740
486,54603317,0.60,-477.99,1740
487,54605318,0.60,-477.99,1740
488,54607317,0.60,-477.99,1740
489,54609318,0.60,-477.97,1740
490,54611318,0.60,-477.97,1740
491,54613317,0.60,-477.97,1740
492,54615318,0.60,-477.89,1740
493,54617318,0.60,-477.89,1740
494,54619317,0.60,-477.89,1740
495,54621318,0.60,-477.83,1740
496,54623318,0.60,-477.83,1740
497,54625317,0.60,-477.83,1740
498,54627318,0.60,-477.88,1740
499,54629318,0.60,-477.88,1740
500,54631317,0.60,-477.88,1740
501,54633318,0.60,-477.77,1740
502,54635318,0.60,-477.77,1740
503,54637318,0.60,-477.77,1740
504,54639317,0.60,-477.89,1740
505,54641318,0.60,-477.89,1740
506,54643317,0.60,-477.89,1740
507,54645318,0.60,-477.88,1740
508,54647318,0.60,-477.88,1740
509,54649318,0.60,-477.88,1740
510,54651317,0.60,-477.99,1740
511,54653318,0.60,-477.99,1740
512,54655317,0.60,-477.99,1740
513,54657318,0.60,-478.02,1740
514,54659318,0.60,-478.02,1740
515,54661317,0.60,-478.02,1740
516,54663318,0.60,-477.99,1740
517,54665318,0.60,-477.99,1740
518,54667318,0.60,-477.99,1740
519,54669317,0.60,-478.10,1740
520,54671318,0.60,-478.10,1740
521,54673317,0.60,-478.10,1740
522,54675318,0.60,-477.89,1740
523,54677318,0.60,-477.89,1740
524,54679318,0.60,-477.89,1740
525,54681317,0.60,-478.06,1740
526,54683318,0.60,-478.06,1740
527,54685317,0.60,-478.06,1740
528,54687318,0.60,-478.09,1740
529,54689318,0.60,-478.09,1740
530,54691317,0.60,-478.09,1740
531,54693318,0.60,-478.00,1740
532,54695318,0.60,-478.00,1740
533,54697318,0.60,-478.00,1740
534,54699317,0.60,-478.11,1740
535,54701318,0.60,-478.11,1740
536,54703318,0.60,-478.11,1740
537,54705317,0.60,-478.07,1740
538,54707318,0.60,-478.07,1740
539,54709317,0.60,-478.07,1740
540,54711318,0.60,-478.09,1740
541,54713318,0.60,-478.09,1740
542,54715317,0.60,-478.09,1740
543,54717318,0.60,-478.07,1740
544,54719318,0.60,-478.07,1740
545,54721318,0.60,-478.07,1740
546,54723317,0.60,-478.05,1740
547,54725317,0.60,-478.05,1740
548,54727318,0.60,-478.05,1740
549,54729318,0.60,-478.19,1740
550,54731318,0.60,-478.19,1740
551,54733318,0.60,-478.19,1740
552,54735317,0.60,-478.10,1740
553,54737318,0.60,-478.10,1740
554,54739318,0.60,-478.10,1740
555,54741317,0.60,-478.19,1740
556,54743318,0.60,-478.19,1740
557,54745317,0.60,-478.19,1740
558,54747318,0.60,-478.19,1740
559,54749318,0.60,-478.19,1740
560,54751318,0.60,-478.19,1740
561,54753317,0.60,-478.16,1740
562,54755318,0.60,-478.16,1740
563,54757317,0.60,-478.16,1740
564,54759318,0.60,-478.12,1740
565,54761318,0.60,-478.12,1740
566,54763318,0.60,-478.12,1740
567,54765317,0.60,-478.04,1740
568,54767318,0.60,-478.04,1740
569,54769318,0.60,-478.04,1740
570,54771317,0.60,-478.07,1740
571,54773318,0.60,-478.07,1740
572,54775318,0.60,-478.07,1740
573,54777317,0.60,-477.87,1740
574,54779318,0.60,-477.87,1740
575,54781318,0.60,-477.87,1740
576,54783317,0.60,-478.04,1740
577,54785318,0.60,-478.04,1740
578,54787318,0.60,-478.04,1740
579,54789317,0.60,-478.13,1740
580,54791318,0.60,-478.13,1740
581,54793318,0.60,-478.13,1740
582,54795317,0.60,-478.04,1740
583,54797318,0.60,-478.04,1740
584,54799318,0.60,-478.04,1740
585,54801317,0.60,-478.13,1740
586,54803318,0.60,-478.13,1740
587,54805318,0.60,-478.13,1740
588,54807317,0.60,-478.09,1740
589,54809317,0.60,-478.09,1740
590,54811318,0.60,-478.09,1740
591,54813318,0.60,-478.13,1740
592,54815318,0.60,-478.13,1740
593,54817317,0.60,-478.13,1740
594,54819318,0.60,-478.03,1740
595,54821318,0.60,-478.03,1740
596,54823317,0.60,-478.03,1740
597,54825318,0.60,-477.95,1740
598,54827318,0.60,-477.95,1740
599,54829317,0.60,-477.95,1740
600,54831318,0.60,-478.00,1740
601,54833318,0.60,-478.00,1740
602,54835317,0.60,-478.00,1740
603,54837318,0.60,-477.92,1740
604,54839318,0.60,-477.92,1740
605,54841317,0.60,-477.92,1740
606,54843318,0.60,-477.90,1740
607,54845318,0.60,-477.90,1740
608,54847317,0.60,-477.90,1740
609,54849318,0.60,-477.95,1740
610,54851318,0.60,-477.95,1740
611,54853318,0.60,-477.95,1740
612,54855317,0.60,-477.83,1740
613,54857318,0.60,-477.83,1740
614,54859317,0.60,-477.83,1740
615,54861318,0.60,-477.82,1740
616,54863318,0.60,-477.82,1740
617,54865317,0.60,-477.82,1740
618,54867318,0.60,-477.70,1740
619,54869318,0.60,-477.70,1740
620,54871317,0.60,-477.70,1740
621,54873318,0.60,-477.83,1740
622,54875318,0.60,-477.83,1740
623,54877318,0.60,-477.83,1740
624,54879317,0.60,-477.72,1740
625,54881318,0.60,-477.72,1740
626,54883318,0.60,-477.72,1740
627,54885317,0.60,-477.84,1740
628,54887318,0.60,-477.84,1740
629,54889317,0.60,-477.84,1740
630,54891318,0.60,-477.89,1740
631,54893318,0.60,-477.89,1740
632,54895318,0.60,-477.89,1740
633,54897317,0.60,-477.89,1740
634,54899318,0.60,-477.89,1740
635,54901318,0.60,-477.89,1740
636,54903317,0.60,-477.88,1740
637,54905318,0.60,-477.88,1740
638,54907318,0.60,-477.88,1740
639,54909317,0.60,-477.76,1740
640,54911318,0.60,-477.76,1740
641,54913318,0.60,-477.76,1740
642,54915317,0.60,-477.76,1740
643,54917318,0.60,-477.76,1740
644,54919317,0.60,-477.76,1740
645,54921318,0.60,-477.76,1740
646,54923318,0.60,-477.76,1740
647,54925318,0.60,-477.76,1740
648,54927317,0.60,-477.66,1740
649,54929318,0.60,-477.66,1740
650,54931317,0.60,-477.66,1740
651,54933318,0.60,-477.73,1740
652,54935318,0.60,-477.73,1740
653,54937318,0.60,-477.73,1740
654,54939317,0.60,-477.79,1740
655,54941318,0.60,-477.79,1740
656,54943317,0.60,-477.79,1740
657,54945318,0.60,-477.79,1740
658,54947318,0.60,-477.79,1740
659,54949317,0.60,-477.79,1740
660,54951318,0.60,-477.80,1740
661,54953318,0.60,-477.80,1740
662,54955317,0.60,-477.80,1740
663,54957318,0.60,-477.84,1740
664,54959318,0.60,-477.84,1740
665,54961317,0.60,-477.84,1740
666,54963318,0.60,-477.90,1740
667,54965318,0.60,-477.90,1740
668,54967318,0.60,-477.90,1740
669,54969317,0.60,-477.84,1740
670,54971318,0.60,-477.84,1740
671,54973318,0.60,-477.84,1740
672,54975317,0.60,-477.89,1740
673,54977318,0.60,-477.89,1740
674,54979317,0.60,-477.89,1740
675,54981318,0.60,-477.94,1740
676,54983318,0.60,-477.94,1740
677,54985317,0.60,-477.94,1740
678,54987318,0.60,-477.18,1740
679,54989318,0.60,-477.18,1740
680,54991317,0.60,-477.18,1740
681,54993318,0.60,-477.30,1740
682,54995318,0.60,-477.30,1740
683,54997317,0.60,-477.30,1740
684,54999318,0.60,-477.41,1740
685,55001318,0.60,-477.41,1740
686,55003317,0.60,-477.41,1740
687,55005318,0.60,-477.56,1740
688,55007318,0.60,-477.56,1740
689,55009318,0.60,-477.56,1740
690,55011317,0.60,-477.48,1740
691,55013318,0.60,-477.48,1740
692,55015318,0.60,-477.48,1740
693,55017318,0.60,-477.62,1740
694,55019317,0.60,-477.62,1740
695,55021318,0.60,-477.62,1740
696,55023318,0.60,-477.71,1740
697,55025317,0.60,-477.71,1740
698,55027318,0.60,-477.71,1740
699,55029318,0.60,-477.60,1740
700,55031318,0.60,-477.60,1740
701,55033317,0.60,-477.60,1740
702,55035318,0.60,-477.72,1740
703,55037318,0.60,-477.72,1740
704,55039317,0.60,-477.72,1740
705,55041318,0.60,-477.79,1740
706,55043318,0.60,-477.79,1740
707,55045317,0.60,-477.79,1740
708,55047318,0.60,-477.74,1740
709,55049318,0.60,-477.74,1740
710,55051317,0.60,-477.74,1740
711,55053318,0.60,-477.68,1740
712,55055318,0.60,-477.68,1740
713,55057317,0.60,-477.68,1740
714,55059318,0.60,-475.94,1740
715,55061318,0.60,-475.94,1740
716,55063317,0.60,-475.94,1740
717,55065318,0.60,-476.18,1740
718,55067318,0.60,-476.18,1740
719,55069318,0.60,-476.18,1740
720,55071317,0.60,-476.23,1740
721,55073318,0.60,-476.23,1740
722,55075317,0.60,-476.23,1740
723,55077318,0.60,-476.50,1740
724,55079318,0.60,-476.50,1740
725,55081317,0.60,-476.50,1740
726,55083318,0.60,-476.69,1740
727,55085318,0.60,-476.69,1740
728,55087317,0.60,-476.69,1740
729,55089318,0.60,-476.80,1740
730,55091318,0.60,-476.80,1740
731,55093317,0.60,-476.80,1740
732,55095318,0.60,-476.95,1740
733,55097318,0.60,-476.95,1740
734,55099317,0.60,-476.95,1740
735,55101318,0.60,-477.04,1740
736,55103318,0.60,-477.04,1740
737,55105317,0.60,-477.04,1740
738,55107318,0.60,-477.23,1740
739,55109318,0.60,-477.23,1740
740,55111317,0.60,-477.23,1740
741,55113318,0.60,-477.07,1740
742,55115318,0.60,-477.07,1740
743,55117318,0.60,-477.07,1740
744,55119317,0.60,-477.37,1740
745,55121318,0.60,-477.37,1740
746,55123318,0.60,-477.37,1740
747,55125317,0.60,-477.47,1740
748,55127318,0.60,-477.47,1740
749,55129318,0.60,-477.47,1740
750,55131317,0.60,-477.45,1740
751,55133318,0.60,-477.45,1740
752,55135318,0.60,-477.45,1740
753,55137317,0.60,-477.54,1740
754,55139318,0.60,-477.54,1740
755,55141317,0.60,-477.54,1740
756,55143318,0.60,-477.62,1740
757,55145318,0.60,-477.62,1740
758,55147318,0.60,-477.62,1740
759,55149317,0.60,-477.64,1740
760,55151318,0.60,-477.64,1740
761,55153318,0.60,-477.64,1740
762,55155317,0.60,-477.60,1740
763,55157318,0.60,-477.60,1740
764,55159318,0.60,-477.60,1740
765,55161317,0.60,-477.68,1740
766,55163318,0.60,-477.68,1740
767,55165317,0.60,-477.68,1740
768,55167318,0.60,-477.80,1740
769,55169318,0.60,-477.80,1740
770,55171318,0.60,-477.80,1740
771,55173317,0.60,-477.76,1740
772,55175318,0.60,-477.76,1740
773,55177318,0.60,-477.76,1740
774,55179317,0.60,-477.81,1740
775,55181318,0.60,-477.81,1740
776,55183317,0.60,-477.81,1740
777,55185318,0.60,-477.86,1740
778,55187318,0.60,-477.86,1740
779,55189318,0.60,-477.86,1740
780,55191317,0.60,-477.81,1740
781,55193318,0.60,-477.81,1740
782,55195317,0.60,-477.81,1740
783,55197318,0.60,-477.85,1740
784,55199318,0.60,-477.85,1740
785,55201318,0.60,-477.85,1740
786,55203317,0.60,-477.86,1740
787,55205318,0.60,-477.86,1740
788,55207317,0.60,-477.86,1740
789,55209318,0.60,-477.90,1740
790,55211318,0.60,-477.90,1740
791,55213317,0.60,-477.90,1740
792,55215318,0.60,-477.72,1740
793,55217318,0.60,-477.72,1740
794,55219317,0.60,-477.72,1740
795,55221318,0.60,-477.78,1740
796,55223318,0.60,-477.78,1740
797,55225318,0.60,-477.78,1740
798,55227317,0.60,-477.79,1740
799,55229318,0.60,-477.79,1740
800,55231317,0.60,-477.79,1740
801,55233318,0.60,-477.73,1740
802,55235318,0.60,-477.73,1740
803,55237318,0.60,-477.73,1740
804,55239317,0.60,-477.75,1740
805,55241318,0.60,-477.75,1740
806,55243318,0.60,-477.75,1740
807,55245317,0.60,-477.64,1740
808,55247318,0.60,-477.64,1740
809,55249318,0.60,-477.64,1740
810,55251318,0.60,-477.72,1740
811,55253318,0.60,-477.72,1740
812,55255318,0.60,-477.72,1740
813,55257317,0.60,-477.72,1740
814,55259318,0.60,-477.72,1740
815,55261318,0.60,-477.72,1740
816,55263317,0.60,-477.62,1740
817,55265318,0.60,-477.62,1740
818,55267317,0.60,-477.62,1740
819,55269318,0.60,-477.69,1740
820,55271318,0.60,-477.69,1740
821,55273318,0.60,-477.69,1740
822,55275317,0.60,-477.65,1740
823,55277318,0.60,-477.65,1740
824,55279317,0.60,-477.65,1740
825,55281318,0.60,-477.65,1740
826,55283318,0.60,-477.65,1740
827,55285317,0.60,-477.65,1740
828,55287318,0.60,-477.68,1740
829,55289318,0.60,-477.68,1740
830,55291317,0.60,-477.68,1740
831,55293318,0.60,-477.63,1740
832,55295318,0.60,-477.63,1740
833,55297317,0.60,-477.63,1740
834,55299318,0.60,-477.70,1740
835,55301318,0.60,-477.70,1740
836,55303317,0.60,-477.70,1740
837,55305318,0.60,-477.60,1740
838,55307318,0.60,-477.60,1740
839,55309317,0.60,-477.60,1740
840,55311318,0.60,-477.74,1740
841,55313318,0.60,-477.74,1740
842,55315317,0.60,-477.74,1740
843,55317318,0.60,-477.80,1740
844,55319318,0.60,-477.80,1740
845,55321318,0.60,-477.80,1740
846,55323317,0.60,-477.87,1740
847,55325318,0.60,-477.87,1740
848,55327317,0.60,-477.87,1740
849,55329318,0.60,-477.90,1740
850,55331318,0.60,-477.90,1740
851,55333317,0.60,-477.90,1740
852,55335318,0.60,-477.95,1740
853,55337318,0.60,-477.95,1740
854,55339317,0.60,-477.95,1740
855,55341318,0.60,-477.99,1740
856,55343318,0.60,-477.99,1740
857,55345317,0.60,-477.99,1740
858,55347318,0.60,-477.86,1740
859,55349318,0.60,-477.86,1740
860,55351317,0.60,-477.86,1740
861,55353318,0.60,-477.97,1740
862,55355318,0.60,-477.97,1740
863,55357317,0.60,-477.97,1740
864,55359318,0.60,-478.07,1740
865,55361318,0.60,-478.07,1740
866,55363318,0.60,-478.07,1740
867,55365318,0.60,-478.04,1740
868,55367318,0.60,-478.04,1740
869,55369317,0.60,-478.04,1740
870,55371318,0.60,-478.07,1740
871,55373318,0.60,-478.07,1740
872,55375318,0.60,-478.07,1740
873,55377317,0.60,-478.06,1740
874,55379318,0.60,-478.06,1740
875,55381317,0.60,-478.06,1740
876,55383318,0.60,-478.14,1740
877,55385318,0.60,-478.14,1740
878,55387317,0.60,-478.14,1740
879,55389318,0.60,-478.04,1740
880,55391318,0.60,-478.04,1740
881,55393317,0.60,-478.04,1740
882,55395318,0.60,-478.08,1740
883,55397318,0.60,-478.08,1740
884,55399317,0.60,-478.08,1740
885,55401318,0.60,-478.22,1740
886,55403318,0.60,-478.22,1740
887,55405317,0.60,-478.22,1740
888,55407318,0.60,-478.12,1740
889,55409318,0.60,-478.12,1740
890,55411317,0.60,-478.12,1740
891,55413318,0.60,-478.27,1740
892,55415318,0.60,-478.27,1740
893,55417317,0.60,-478.27,1740
894,55419318,0.60,-478.33,1740
895,55421318,0.60,-478.33,1740
896,55423317,0.60,-478.33,1740
897,55425318,0.60,-478.28,1740
898,55427318,0.60,-478.28,1740
899,55429318,0.60,-478.28,1740
900,55431317,0.60,-478.24,1740
901,55433318,0.60,-478.24,1740
902,55435317,0.60,-478.24,1740
903,55437318,0.60,-478.13,1740
904,55439318,0.60,-478.13,1740
905,55441317,0.60,-478.13,1740
906,55443318,0.60,-478.16,1740
907,55445318,0.60,-478.16,1740
908,55447317,0.60,-478.16,1740
909,55449318,0.60,-478.01,1740
910,55451318,0.60,-478.01,1740
911,55453317,0.60,-478.01,1740
912,55455318,0.60,-478.05,1740
913,55457318,0.60,-478.05,1740
914,55459317,0.60,-478.05,1740
915,55461318,0.60,-478.07,1740
916,55463318,0.60,-478.07,1740
917,55465317,0.60,-478.07,1740
918,55467318,0.60,-478.05,1740
919,55469318,0.60,-478.05,1740
920,55471317,0.60,-478.05,1740
921,55473318,0.60,-478.08,1740
922,55475318,0.60,-478.08,1740
923,55477317,0.60,-478.08,1740
924,55479318,0.60,-478.05,1740
925,55481318,0.60,-478.05,1740
926,55483318,0.60,-478.05,1740
927,55485318,0.60,-478.10,1740
928,55487318,0.60,-478.10,1740
929,55489318,0.60,-478.10,1740
930,55491317,0.60,-478.01,1740
931,55493318,0.60,-478.01,1740
932,55495317,0.60,-478.01,1740
933,55497318,0.60,-478.04,1740
934,55499318,0.60,-478.04,1740
935,55501317,0.60,-478.04,1740
936,55503318,0.60,-478.08,1740
937,55505318,0.60,-478.08,1740
938,55507318,0.60,-478.08,1740
939,55509317,0.60,-478.00,1740
940,55511318,0.60,-478.00,1740
941,55513318,0.60,-478.00,1740
942,55515317,0.60,-477.98,1740
943,55517318,0.60,-477.98,1740
944,55519318,0.60,-477.98,1740
945,55521317,0.60,-478.01,1740
946,55523318,0.60,-478.01,1740
947,55525318,0.60,-478.01,1740
948,55527317,0.60,-478.06,1740
949,55529318,0.60,-478.06,1740
950,55531318,0.60,-478.06,1740
951,55533317,0.60,-478.09,1740
952,55535318,0.60,-478.09,1740
953,55537318,0.60,-478.09,1740
954,55539317,0.60,-478.06,1740
955,55541318,0.60,-478.06,1740
956,55543317,0.60,-478.06,1740
957,55545318,0.60,-478.13,1740
958,55547318,0.60,-478.13,1740
959,55549317,0.60,-478.13,1740
960,55551318,0.60,-478.05,1740
961,55553318,0.60,-478.05,1740
962,55555317,0.60,-478.05,1740
963,55557318,0.60,-478.08,1740
964,55559318,0.60,-478.08,1740
965,55561317,0.60,-478.08,1740
966,55563318,0.60,-478.05,1740
967,55565318,0.60,-478.05,1740
968,55567318,0.60,-478.05,1740
969,55569317,0.60,-478.04,1740
970,55571318,0.60,-478.04,1740
971,55573318,0.60,-478.04,1740
972,55575317,0.60,-478.07,1740
973,55577317,0.60,-478.07,1740
974,55579318,0.60,-478.07,1740
975,55581318,0.60,-478.04,1740
976,55583317,0.60,-478.04,1740
977,55585318,0.60,-478.04,1740
978,55587318,0.60,-478.08,1740
979,55589318,0.60,-478.08,1740
980,55591317,0.60,-478.08,1740
981,55593318,0.60,-478.09,1740
982,55595318,0.60,-478.09,1740
983,55597317,0.60,-478.09,1740
984,55599318,0.60,-478.08,1740
985,55601318,0.60,-478.08,1740
986,55603318,0.60,-478.08,1740
987,55605317,0.60,-478.16,1740
988,55607318,0.60,-478.16,1740
989,55609317,0.60,-478.16,1740
990,55611318,0.60,-478.06,1740
991,55613318,0.60,-478.06,1740
992,55615317,0.60,-478.06,1740
993,55617318,0.60,-478.15,1740
994,55619318,0.60,-478.15,1740
995,55621317,0.60,-478.15,1740
996,55623318,0.60,-478.12,1740
997,55625318,0.60,-478.12,1740
998,55627318,0.60,-478.12,1740
999,55629317,0.60,-478.09,1740
1000,55631318,0.60,-478.09,1740
1001,55633317,0.60,-478.09,1740
1002,55635318,0.60,-478.00,1740
1003,55637318,0.60,-478.00,1740
1004,55639317,0.60,-478.00,1740
1005,55641318,0.60,-477.92,1740
1006,55643318,0.60,-477.92,1740
1007,55645317,0.60,-477.92,1740
1008,55647318,0.60,-478.02,1740
1009,55649318,0.60,-478.02,1740
1010,55651317,0.60,-478.02,1740
1011,55653318,0.60,-478.00,1740
1012,55655318,0.60,-478.00,1740
1013,55657317,0.60,-478.00,1740
1014,55659318,0.60,-478.04,1740
1015,55661317,0.60,-478.04,1740
1016,55663318,0.60,-478.04,1740
1017,55665318,0.60,-478.08,1740
1018,55667317,0.60,-478.08,1740
1019,55669318,0.60,-478.08,1740
1020,55671318,0.60,-478.11,1740
1021,55673317,0.60,-478.11,1740
1022,55675318,0.60,-478.11,1740
1023,55677318,0.60,-478.08,1740
1024,55679318,0.60,-478.08,1740
1025,55681318,0.60,-478.08,1740
1026,55683317,0.60,-477.99,1740
1027,55685317,0.60,-477.99,1740
1028,55687318,0.60,-477.99,1740
1029,55689318,0.60,-478.09,1740
1030,55691317,0.60,-478.09,1740
1031,55693318,0.60,-478.09,1740
1032,55695318,0.60,-478.18,1740
1033,55697318,0.60,-478.18,1740
1034,55699317,0.60,-478.18,1740
1035,55701318,0.60,-478.14,1740
1036,55703318,0.60,-478.14,1740
1037,55705318,0.60,-478.14,1740
1038,55707317,0.60,-478.22,1740
1039,55709318,0.60,-478.22,1740
1040,55711317,0.60,-478.22,1740
1041,55713318,0.60,-478.23,1740
1042,55715317,0.60,-478.23,1740
1043,55717318,0.60,-478.23,1740
1044,55719318,0.60,-478.31,1740
1045,55721318,0.60,-478.31,1740
1046,55723318,0.60,-478.31,1740
1047,55725317,0.60,-478.25,1740
1048,55727318,0.60,-478.25,1740
1049,55729317,0.60,-478.25,1740
1050,55731318,0.60,-478.26,1740
1051,55733318,0.60,-478.26,1740
1052,55735318,0.60,-478.26,1740
1053,55737317,0.60,-478.28,1740
1054,55739318,0.60,-478.28,1740
1055,55741317,0.60,-478.28,1740
1056,55743318,0.60,-478.17,1740
1057,55745318,0.60,-478.17,1740
1058,55747317,0.60,-478.17,1740
1059,55749318,0.60,-478.19,1740
1060,55751318,0.60,-478.19,1740
1061,55753318,0.60,-478.19,1740
1062,55755317,0.60,-478.16,1740
1063,55757318,0.60,-478.16,1740
1064,55759317,0.60,-478.16,1740
1065,55761318,0.60,-478.11,1740
1066,55763318,0.60,-478.11,1740
1067,55765317,0.60,-478.11,1740
1068,55767318,0.60,-478.15,1740
1069,55769318,0.60,-478.15,1740
1070,55771318,0.60,-478.15,1740
1071,55773317,0.60,-478.12,1740
1072,55775318,0.60,-478.12,1740
1073,55777318,0.60,-478.12,1740
1074,55779317,0.60,-478.20,1740
1075,55781318,0.60,-478.20,1740
1076,55783317,0.60,-478.20,1740
1077,55785318,0.60,-478.10,1740
1078,55787318,0.60,-478.10,1740
1079,55789318,0.60,-478.10,1740
1080,55791317,0.60,-478.19,1740
1081,55793318,0.60,-478.19,1740
1082,55795317,0.60,-478.19,1740
1083,55797318,0.60,-478.20,1740
1084,55799318,0.60,-478.20,1740
1085,55801317,0.60,-478.20,1740
1086,55803318,0.60,-478.10,1740
1087,55805318,0.60,-478.10,1740
1088,55807318,0.60,-478.10,1740
1089,55809317,0.60,-478.20,1740
1090,55811318,0.60,-478.20,1740
1091,55813317,0.60,-478.20,1740
1092,55815318,0.60,-478.20,1740
1093,55817318,0.60,-478.20,1740
1094,55819318,0.60,-478.20,1740
1095,55821317,0.60,-478.23,1740
1096,55823318,0.60,-478.23,1740
1097,55825317,0.60,-478.23,1740
1098,55827318,0.60,-478.23,1740
1099,55829318,0.60,-478.23,1740
1100,55831317,0.60,-478.23,1740
1101,55833318,0.60,-478.19,1740
1102,55835318,0.60,-478.19,1740
1103,55837317,0.60,-478.19,1740
1104,55839318,0.60,-478.26,1740
1105,55841318,0.60,-478.26,1740
1106,55843317,0.60,-478.26,1740
1107,55845318,0.60,-478.17,1740
1108,55847318,0.60,-478.17,1740
1109,55849317,0.60,-478.17,1740
1110,55851318,0.60,-478.19,1740
1111,55853318,0.60,-478.19,1740
1112,55855317,0.60,-478.19,1740
1113,55857318,0.60,-478.20,1740
1114,55859318,0.60,-478.20,1740
1115,55861317,0.60,-478.20,1740
1116,55863318,0.60,-478.22,1740
1117,55865318,0.60,-478.22,1740
1118,55867317,0.60,-478.22,1740
1119,55869318,0.60,-478.24,1740
1120,55871318,0.60,-478.24,1740
1121,55873318,0.60,-478.24,1740
1122,55875317,0.60,-478.21,1740
1123,55877318,0.60,-478.21,1740
1124,55879317,0.60,-478.21,1740
1125,55881318,0.60,-478.26,1740
1126,55883318,0.60,-478.26,1740
1127,55885318,0.60,-478.26,1740
1128,55887317,0.60,-478.17,1740
1129,55889318,0.60,-478.17,1740
1130,55891317,0.60,-478.17,1740
1131,55893318,0.60,-478.30,1740
1132,55895318,0.60,-478.30,1740
1133,55897317,0.60,-478.30,1740
1134,55899318,0.60,-478.31,1740
1135,55901318,0.60,-478.31,1740
1136,55903317,0.60,-478.31,1740
1137,55905318,0.60,-478.20,1740
1138,55907317,0.60,-478.20,1740
1139,55909318,0.60,-478.20,1740
1140,55911318,0.60,-478.22,1740
1141,55913318,0.60,-478.22,1740
1142,55915317,0.60,-478.22,1740
1143,55917318,0.60,-478.17,1740
1144,55919318,0.60,-478.17,1740
1145,55921317,0.60,-478.17,1740
1146,55923318,0.60,-478.19,1740
1147,55925318,0.60,-478.19,1740
1148,55927317,0.60,-478.19,1740
1149,55929318,0.60,-478.10,1740
1150,55931318,0.60,-478.10,1740
1151,55933317,0.60,-478.10,1740
1152,55935318,0.60,-478.07,1740
1153,55937318,0.60,-478.07,1740
1154,55939318,0.60,-478.07,1740
1155,55941317,0.60,-478.11,1740
1156,55943318,0.60,-478.11,1740
1157,55945318,0.60,-478.11,1740
1158,55947317,0.60,-478.02,1740
1159,55949317,0.60,-478.02,1740
1160,55951318,0.60,-478.02,1740
1161,55953318,0.60,-478.00,1740
1162,55955318,0.60,-478.00,1740
1163,55957317,0.60,-478.00,1740
1164,55959318,0.60,-477.97,1740
1165,55961318,0.60,-477.97,1740
1166,55963317,0.60,-477.97,1740
1167,55965318,0.60,-477.89,1740
1168,55967318,0.60,-477.89,1740
1169,55969317,0.60,-477.89,1740
1170,55971318,0.60,-477.83,1740
1171,55973318,0.60,-477.83,1740
1172,55975317,0.60,-477.83,1740
1173,55977318,0.60,-477.72,1740
1174,55979318,0.60,-477.72,1740
1175,55981318,0.60,-477.72,1740
1176,55983317,0.60,-477.79,1740
1177,55985318,0.60,-477.79,1740
1178,55987318,0.60,-477.79,1740
1179,55989317,0.60,-477.67,1740
1180,55991318,0.60,-477.67,1740
1181,55993318,0.60,-477.67,1740
1182,55995317,0.60,-477.68,1740
1183,55997318,0.60,-477.68,1740
1184,55999317,0.60,-477.68,1740
1185,56001318,0.60,-477.64,1740
1186,56003318,0.60,-477.64,1740
1187,56005317,0.60,-477.64,1740
1188,56007318,0.60,-477.60,1740
1189,56009318,0.60,-477.60,1740
1190,56011317,0.60,-477.60,1740
1191,56013318,0.60,-477.62,1740
1192,56015318,0.60,-477.62,1740
1193,56017317,0.60,-477.62,1740
1194,56019318,0.60,-477.64,1740
1195,56021318,0.60,-477.64,1740
1196,56023318,0.60,-477.64,1740
1197,56025317,0.60,-477.78,1740
1198,56027318,0.60,-477.78,1740
1199,56029318,0.60,-477.78,1740
1200,56031317,0.60,-477.83,1740
1201,56033318,0.60,-477.83,1740
1202,56035318,0.60,-477.83,1740
1203,56037317,0.60,-477.89,1740
1204,56039318,0.60,-477.89,1740
1205,56041318,0.60,-477.89,1740
1206,56043317,0.60,-478.00,1740
1207,56045318,0.60,-478.00,1740
1208,56047317,0.60,-478.00,1740
1209,56049318,0.60,-478.02,1740
1210,56051318,0.60,-478.02,1740
1211,56053317,0.60,-478.02,1740
1212,56055318,0.60,-478.12,1740
1213,56057318,0.60,-478.12,1740
1214,56059317,0.60,-478.12,1740
1215,56061318,0.60,-478.14,1740
1216,56063318,0.60,-478.14,1740
1217,56065317,0.60,-478.14,1740
1218,56067318,0.60,-478.17,1740
1219,56069318,0.60,-478.17,1740
1220,56071317,0.60,-478.17,1740
1221,56073318,0.60,-478.24,1740
1222,56075318,0.60,-478.24,1740
1223,56077317,0.60,-478.24,1740
1224,56079318,0.60,-478.20,1740
1225,56081318,0.60,-478.20,1740
1226,56083317,0.60,-478.20,1740
1227,56085318,0.60,-478.33,1740
1228,56087318,0.60,-478.33,1740
1229,56089317,0.60,-478.33,1740
1230,56091318,0.60,-478.39,1740
1231,56093318,0.60,-478.39,1740
1232,56095318,0.60,-478.39,1740
1233,56097317,0.60,-478.35,1740
1234,56099318,0.60,-478.35,1740
1235,56101317,0.60,-478.35,1740
1236,56103318,0.60,-478.40,1740
1237,56105318,0.60,-478.40,1740
1238,56107318,0.60,-478.40,1740
1239,56109317,0.60,-478.34,1740
1240,56111318,0.60,-478.34,1740
1241,56113318,0.60,-478.34,1740
1242,56115317,0.60,-478.34,1740
1243,56117318,0.60,-478.34,1740
1244,56119317,0.60,-478.34,1740
1245,56121318,0.60,-478.17,1740
1246,56123318,0.60,-478.17,1740
1247,56125317,0.60,-478.17,1740
1248,56127318,0.60,-478.25,1740
1249,56129317,0.60,-478.25,1740
1250,56131318,0.60,-478.25,1740
1251,56133318,0.60,-478.21,1740
1252,56135318,0.60,-478.21,1740
1253,56137318,0.60,-478.21,1740
1254,56139317,0.60,-478.11,1740
1255,56141318,0.60,-478.11,1740
1256,56143317,0.60,-478.11,1740
1257,56145318,0.60,-478.13,1740
1258,56147318,0.60,-478.13,1740
1259,56149317,0.60,-478.13,1740
1260,56151318,0.60,-478.10,1740
1261,56153318,0.60,-478.10,1740
1262,56155318,0.60,-478.10,1740
1263,56157317,0.60,-478.13,1740
1264,56159318,0.60,-478.13,1740
1265,56161317,0.60,-478.13,1740
1266,56163318,0.60,-478.09,1740
1267,56165318,0.60,-478.09,1740
1268,56167317,0.60,-478.09,1740
1269,56169318,0.60,-478.07,1740
1270,56171318,0.60,-478.07,1740
1271,56173317,0.60,-478.07,1740
1272,56175318,0.60,-478.10,1740
1273,56177318,0.60,-478.10,1740
1274,56179318,0.60,-478.10,1740
1275,56181317,0.60,-477.96,1740
1276,56183318,0.60,-477.96,1740
1277,56185318,0.60,-477.96,1740
1278,56187318,0.60,-478.01,1740
1279,56189317,0.60,-478.01,1740
1280,56191318,0.60,-478.01,1740
1281,56193318,0.60,-478.04,1740
1282,56195318,0.60,-478.04,1740
1283,56197317,0.60,-478.04,1740
1284,56199318,0.60,-478.01,1740
1285,56201318,0.60,-478.01,1740
1286,56203317,0.60,-478.01,1740
1287,56205318,0.60,-478.05,1740
1288,56207318,0.60,-478.05,1740
1289,56209318,0.60,-478.05,1740
1290,56211317,0.60,-478.03,1740
1291,56213318,0.60,-478.03,1740
1292,56215317,0.60,-478.03,1740
1293,56217318,0.60,-478.06,1740
1294,56219318,0.60,-478.06,1740
1295,56221317,0.60,-478.06,1740
1296,56223318,0.60,-477.98,1740
1297,56225318,0.60,-477.98,1740
1298,56227317,0.60,-477.98,1740
1299,56229318,0.60,-478.06,1740
1300,56231318,0.60,-478.06,1740
1301,56233318,0.60,-478.06,1740
1302,56235317,0.60,-478.17,1740
1303,56237318,0.60,-478.17,1740
1304,56239318,0.60,-478.17,1740
1305,56241317,0.60,-478.07,1740
1306,56243318,0.60,-478.07,1740
1307,56245318,0.60,-478.07,1740
1308,56247317,0.60,-478.11,1740
1309,56249318,0.60,-478.11,1740
1310,56251317,0.60,-478.11,1740
1311,56253318,0.60,-478.07,1740
1312,56255318,0.60,-478.07,1740
1313,56257318,0.60,-478.07,1740
1314,56259317,0.60,-478.10,1740
1315,56261318,0.60,-478.10,1740
1316,56263318,0.60,-478.10,1740
1317,56265317,0.60,-478.01,1740
1318,56267318,0.60,-478.01,1740
1319,56269317,0.60,-478.01,1740
1320,56271318,0.60,-477.98,1740
1321,56273318,0.60,-477.98,1740
1322,56275317,0.60,-477.98,1740
1323,56277318,0.60,-478.03,1740
1324,56279318,0.60,-478.03,1740
1325,56281317,0.60,-478.03,1740
1326,56283318,0.60,-477.89,1740
1327,56285318,0.60,-477.89,1740
1328,56287317,0.60,-477.89,1740
1329,56289318,0.60,-477.94,1740
1330,56291318,0.60,-477.94,1740
1331,56293317,0.60,-477.94,1740
1332,56295318,0.60,-477.99,1740
1333,56297318,0.60,-477.99,1740
1334,56299318,0.60,-477.99,1740
1335,56301318,0.60,-477.97,1740
1336,56303317,0.60,-477.97,1740
1337,56305318,0.60,-477.97,1740
1338,56307318,0.60,-478.01,1740
1339,56309318,0.60,-478.01,1740
1340,56311318,0.60,-478.01,1740
1341,56313317,0.60,-478.00,1740
1342,56315318,0.60,-478.00,1740
1343,56317317,0.60,-478.00,1740
1344,56319318,0.60,-478.08,1740
1345,56321318,0.60,-478.08,1740
1346,56323317,0.60,-478.08,1740
1347,56325318,0.60,-478.00,1740
1348,56327318,0.60,-478.00,1740
1349,56329317,0.60,-478.00,1740
1350,56331318,0.60,-478.03,1740
1351,56333318,0.60,-478.03,1740
1352,56335317,0.60,-478.03,1740
1353,56337318,0.60,-478.06,1740
1354,56339318,0.60,-478.06,1740
1355,56341317,0.60,-478.06,1740
1356,56343318,0.60,-478.04,1740
1357,56345317,0.60,-478.04,1740
1358,56347318,0.60,-478.04,1740
1359,56349318,0.60,-478.08,1740
1360,56351318,0.60,-478.08,1740
1361,56353318,0.60,-478.08,1740
1362,56355317,0.60,-478.12,1740
1363,56357318,0.60,-478.12,1740
1364,56359317,0.60,-478.12,1740
1365,56361318,0.60,-478.12,1740
1366,56363317,0.60,-478.12,1740
1367,56365318,0.60,-478.12,1740
1368,56367318,0.60,-478.16,1740
1369,56369318,0.60,-478.16,1740
1370,56371318,0.60,-478.16,1740
1371,56373317,0.60,-478.13,1740
1372,56375318,0.60,-478.13,1740
1373,56377317,0.60,-478.13,1740
1374,56379318,0.60,-478.25,1740
1375,56381318,0.60,-478.25,1740
1376,56383317,0.60,-478.25,1740
1377,56385318,0.60,-478.26,1740
1378,56387318,0.60,-478.26,1740
1379,56389317,0.60,-478.26,1740
1380,56391318,0.60,-478.39,1740
1381,56393318,0.60,-478.39,1740
1382,56395318,0.60,-478.39,1740
1383,56397317,0.60,-478.40,1740
1384,56399318,0.60,-478.40,1740
1385,56401318,0.60,-478.40,1740
1386,56403317,0.60,-478.39,1740
1387,56405318,0.60,-478.39,1740
1388,56407317,0.60,-478.39,1740
1389,56409318,0.60,-478.33,1740
1390,56411318,0.60,-478.33,1740
1391,56413317,0.60,-478.33,1740
1392,56415318,0.60,-478.28,1740
1393,56417317,0.60,-478.28,1740
1394,56419318,0.60,-478.28,1740
1395,56421318,0.60,-478.30,1740
1396,56423318,0.60,-478.30,1740
1397,56425318,0.60,-478.30,1740
1398,56427317,0.60,-478.19,1740
1399,56429318,0.60,-478.19,1740
1400,56431318,0.60,-478.19,1740
1401,56433317,0.60,-478.26,1740
1402,56435318,0.60,-478.26,1740
1403,56437317,0.60,-478.26,1740
1404,56439318,0.60,-478.20,1740
1405,56441318,0.60,-478.20,1740
1406,56443317,0.60,-478.20,1740
1407,56445318,0.60,-478.18,1740
1408,56447318,0.60,-478.18,1740
1409,56449318,0.60,-478.18,1740
1410,56451317,0.60,-478.19,1740
1411,56453318,0.60,-478.19,1740
1412,56455318,0.60,-478.19,1740
1413,56457317,0.60,-478.16,1740
1414,56459318,0.60,-478.16,1740
1415,56461318,0.60,-478.16,1740
1416,56463317,0.60,-478.24,1740
1417,56465318,0.60,-478.24,1740
1418,56467317,0.60,-478.24,1740
1419,56469318,0.60,-478.30,1740
1420,56471318,0.60,-478.30,1740
1421,56473317,0.60,-478.30,1740
1422,56475318,0.60,-478.25,1740
1423,56477318,0.60,-478.25,1740
1424,56479318,0.60,-478.25,1740
1425,56481317,0.60,-478.33,1740
1426,56483318,0.60,-478.33,1740
1427,56485318,0.60,-478.33,1740
1428,56487317,0.60,-478.28,1740
1429,56489318,0.60,-478.28,1740
1430,56491318,0.60,-478.28,1740
1431,56493317,0.60,-478.29,1740
1432,56495318,0.60,-478.29,1740
1433,56497318,0.60,-478.29,1740
1434,56499317,0.60,-478.24,1740
1435,56501318,0.60,-478.24,1740
1436,56503317,0.60,-478.24,1740
1437,56505318,0.60,-478.25,1740
1438,56507318,0.60,-478.25,1740
1439,56509317,0.60,-478.25,1740
1440,56511318,0.60,-478.25,1740
1441,56513318,0.60,-478.25,1740
1442,56515317,0.60,-478.25,1740
1443,56517318,0.60,-478.16,1740
1444,56519318,0.60,-478.16,1740
1445,56521317,0.60,-478.16,1740
1446,56523318,0.60,-478.29,1740
1447,56525318,0.60,-478.29,1740
1448,56527317,0.60,-478.29,1740
1449,56529318,0.60,-478.31,1740
1450,56531318,0.60,-478.31,1740
1451,56533318,0.60,-478.31,1740
1452,56535318,0.60,-478.26,1740
1453,56537318,0.60,-478.26,1740
1454,56539318,0.60,-478.26,1740
1455,56541317,0.60,-478.21,1740
1456,56543318,0.60,-478.21,1740
1457,56545317,0.60,-478.21,1740
1458,56547318,0.60,-478.16,1740
1459,56549318,0.60,-478.16,1740
1460,56551318,0.60,-478.16,1740
1461,56553317,0.60,-478.13,1740
1462,56555318,0.60,-478.13,1740
1463,56557317,0.60,-478.13,1740
1464,56559318,0.60,-478.03,1740
1465,56561318,0.60,-478.03,1740
1466,56563317,0.60,-478.03,1740
1467,56565318,0.60,-478.02,1740
1468,56567318,0.60,-478.02,1740
1469,56569317,0.60,-478.02,1740
1470,56571318,0.60,-478.05,1740
1471,56573318,0.60,-478.05,1740
1472,56575318,0.60,-478.05,1740
1473,56577317,0.60,-478.04,1740
1474,56579318,0.60,-478.04,1740
1475,56581317,0.60,-478.04,1740
1476,56583318,0.60,-478.06,1740
1477,56585318,0.60,-478.06,1740
1478,56587318,0.60,-478.06,1740
1479,56589317,0.60,-478.09,1740
1480,56591318,0.60,-478.09,1740
1481,56593317,0.60,-478.09,1740
1482,56595318,0.60,-478.12,1740
1483,56597318,0.60,-478.12,1740
1484,56599317,0.60,-478.12,1740
1485,56601318,0.60,-478.08,1740
1486,56603318,0.60,-478.08,1740
1487,56605317,0.60,-478.08,1740
1488,56607318,0.60,-478.12,1740
1489,56609318,0.60,-478.12,1740
1490,56611317,0.60,-478.12,1740
1491,56613318,0.60,-478.19,1740
1492,56615318,0.60,-478.19,1740
1493,56617317,0.60,-478.19,1740
1494,56619318,0.60,-478.10,1740
1495,56621318,0.60,-478.10,1740
1496,56623317,0.60,-478.10,1740
1497,56625318,0.60,-478.25,1740
1498,56627318,0.60,-478.25,1740
1499,56629317,0.60,-478.25,1740
1500,56631318,0.60,-478.26,1740
1501,56633318,0.60,-478.26,1740
1502,56635317,0.60,-478.26,1740
1503,56637318,0.60,-478.26,1740
1504,56639318,0.60,-478.26,1740
1505,56641318,0.60,-478.26,1740
1506,56643317,0.60,-478.23,1740
1507,56645318,0.60,-478.23,1740
1508,56647317,0.60,-478.23,1740
1509,56649318,0.60,-478.18,1740
1510,56651318,0.60,-478.18,1740
1511,56653318,0.60,-478.18,1740
1512,56655317,0.60,-478.21,1740
1513,56657318,0.60,-478.21,1740
1514,56659317,0.60,-478.21,1740
1515,56661318,0.60,-478.05,1740
1516,56663318,0.60,-478.05,1740
1517,56665318,0.60,-478.05,1740
1518,56667317,0.60,-478.14,1740
1519,56669318,0.60,-478.14,1740
1520,56671317,0.60,-478.14,1740
1521,56673318,0.60,-478.22,1740
1522,56675318,0.60,-478.22,1740
1523,56677318,0.60,-478.22,1740
1524,56679317,0.60,-478.18,1740
1525,56681318,0.60,-478.18,1740
1526,56683318,0.60,-478.18,1740
1527,56685317,0.60,-478.26,1740
1528,56687318,0.60,-478.26,1740
1529,56689318,0.60,-478.26,1740
1530,56691317,0.60,-478.27,1740
1531,56693318,0.60,-478.27,1740
1532,56695318,0.60,-478.27,1740
1533,56697317,0.60,-478.28,1740
1534,56699318,0.60,-478.28,1740
1535,56701318,0.60,-478.28,1740
1536,56703317,0.60,-478.23,1740
1537,56705318,0.60,-478.23,1740
1538,56707317,0.60,-478.23,1740
1539,56709318,0.60,-478.12,1740
1540,56711318,0.60,-478.12,1740
1541,56713317,0.60,-478.12,1740
1542,56715318,0.60,-478.21,1740
1543,56717318,0.60,-478.21,1740
1544,56719317,0.60,-478.21,1740
1545,56721318,0.60,-478.17,1740
1546,56723318,0.60,-478.17,1740
1547,56725318,0.60,-478.17,1740
1548,56727317,0.60,-478.25,1740
1549,56729318,0.60,-478.25,1740
1550,56731317,0.60,-478.25,1740
1551,56733318,0.60,-478.20,1740
1552,56735318,0.60,-478.20,1740
1553,56737317,0.60,-478.20,1740
1554,56739318,0.60,-478.22,1740
1555,56741318,0.60,-478.22,1740
1556,56743318,0.60,-478.22,1740
1557,56745317,0.60,-478.19,1740
1558,56747318,0.60,-478.19,1740
1559,56749317,0.60,-478.19,1740
1560,56751318,0.60,-478.14,1740
1561,56753318,0.60,-478.14,1740
1562,56755318,0.60,-478.14,1740
1563,56757317,0.60,-478.28,1740
1564,56759318,0.60,-478.28,1740
1565,56761317,0.60,-478.28,1740
1566,56763318,0.60,-478.22,1740
1567,56765318,0.60,-478.22,1740
1568,56767318,0.60,-478.22,1740
1569,56769317,0.60,-478.25,1740
1570,56771318,0.60,-478.25,1740
1571,56773317,0.60,-478.25,1740
1572,56775318,0.60,-478.25,1740
1573,56777318,0.60,-478.25,1740
1574,56779317,0.60,-478.25,1740
1575,56781318,0.60,-478.21,1740
1576,56783318,0.60,-478.21,1740
1577,56785317,0.60,-478.21,1740
1578,56787318,0.60,-478.17,1740
1579,56789318,0.60,-478.17,1740
1580,56791317,0.60,-478.17,1740
1581,56793318,0.60,-478.13,1740
1582,56795318,0.60,-478.13,1740
1583,56797318,0.60,-478.13,1740
1584,56799317,0.60,-478.11,1740
1585,56801318,0.60,-478.11,1740
1586,56803318,0.60,-478.11,1740
1587,56805317,0.60,-478.08,1740
1588,56807318,0.60,-478.08,1740
1589,56809317,0.60,-478.08,1740
1590,56811318,0.60,-478.10,1740
1591,56813318,0.60,-478.10,1740
1592,56815318,0.60,-478.10,1740
1593,56817317,0.60,-478.13,1740
1594,56819318,0.60,-478.13,1740
1595,56821318,0.60,-478.13,1740
1596,56823317,0.60,-478.11,1740
1597,56825318,0.60,-478.11,1740
1598,56827318,0.60,-478.11,1740
1599,56829317,0.60,-478.12,1740
1600,56831318,0.60,-478.12,1740
1601,56833318,0.60,-478.12,1740
1602,56835317,0.60,-478.16,1740
1603,56837318,0.60,-478.16,1740
1604,56839317,0.60,-478.16,1740
1605,56841318,0.60,-478.17,1740
1606,56843318,0.60,-478.17,1740
1607,56845317,0.60,-478.17,1740
1608,56847318,0.60,-478.19,1740
1609,56849318,0.60,-478.19,1740
1610,56851318,0.60,-478.19,1740
1611,56853317,0.60,-478.10,1740
1612,56855318,0.60,-478.10,1740
1613,56857317,0.60,-478.10,1740
1614,56859318,0.60,-478.18,1740
1615,56861318,0.60,-478.18,1740
1616,56863318,0.60,-478.18,1740
1617,56865317,0.60,-478.10,1740
1618,56867318,0.60,-478.10,1740
1619,56869318,0.60,-478.10,1740
1620,56871317,0.60,-478.23,1740
1621,56873318,0.60,-478.23,1740
1622,56875318,0.60,-478.23,1740
1623,56877317,0.60,-478.25,1740
1624,56879318,0.60,-478.25,1740
1625,56881318,0.60,-478.25,1740
1626,56883317,0.60,-478.20,1740
1627,56885318,0.60,-478.20,1740
1628,56887317,0.60,-478.20,1740
1629,56889318,0.60,-478.22,1740
1630,56891318,0.60,-478.22,1740
1631,56893317,0.60,-478.22,1740
1632,56895318,0.60,-478.12,1740
1633,56897318,0.60,-478.12,1740
1634,56899317,0.60,-478.12,1740
1635,56901318,0.60,-478.14,1740
1636,56903318,0.60,-478.14,1740
1637,56905317,0.60,-478.14,1740
1638,56907318,0.60,-478.22,1740
1639,56909318,0.60,-478.22,1740
1640,56911318,0.60,-478.22,1740
1641,56913317,0.60,-478.18,1740
1642,56915318,0.60,-478.18,1740
1643,56917318,0.60,-478.18,1740
1644,56919317,0.60,-478.21,1740
1645,56921318,0.60,-478.21,1740
1646,56923317,0.60,-478.21,1740
1647,56925318,0.60,-478.22,1740
1648,56927318,0.60,-478.22,1740
1649,56929317,0.60,-478.22,1740
1650,56931318,0.60,-478.17,1740
1651,56933318,0.60,-478.17,1740
1652,56935317,0.60,-478.17,1740
1653,56937318,0.60,-478.19,1740
1654,56939318,0.60,-478.19,1740
1655,56941318,0.60,-478.19,1740
1656,56943317,0.60,-478.16,1740
1657,56945318,0.60,-478.16,1740
1658,56947317,0.60,-478.16,1740
1659,56949318,0.60,-478.18,1740
1660,56951318,0.60,-478.18,1740
1661,56953317,0.60,-478.18,1740
1662,56955318,0.60,-478.03,1740
1663,56957318,0.60,-478.03,1740
1664,56959318,0.60,-478.03,1740
1665,56961317,0.60,-478.12,1740
1666,56963318,0.60,-478.12,1740
1667,56965317,0.60,-478.12,1740
1668,56967318,0.60,-478.14,1740
1669,56969318,0.60,-478.14,1740
1670,56971318,0.60,-478.14,1740
1671,56973317,0.60,-478.12,1740
1672,56975318,0.60,-478.12,1740
1673,56977317,0.60,-478.12,1740
1674,56979318,0.60,-478.02,1740
1675,56981318,0.60,-478.02,1740
1676,56983317,0.60,-478.02,1740
1677,56985318,0.60,-477.95,1740
1678,56987318,0.60,-477.95,1740
1679,56989317,0.60,-477.95,1740
1680,56991318,0.60,-477.99,1740
1681,56993318,0.60,-477.99,1740
1682,56995317,0.60,-477.99,1740
1683,56997318,0.60,-477.92,1740
1684,56999318,0.60,-477.92,1740
1685,57001318,0.60,-477.92,1740
1686,57003317,0.60,-477.97,1740
1687,57005318,0.60,-477.97,1740
1688,57007317,0.60,-477.97,1740
1689,57009318,0.60,-477.99,1740
1690,57011318,0.60,-477.99,1740
1691,57013318,0.60,-477.99,1740
1692,57015317,0.60,-477.93,1740
1693,57017318,0.60,-477.93,1740
1694,57019317,0.60,-477.93,1740
1695,57021318,0.60,-478.02,1740
1696,57023318,0.60,-478.02,1740
1697,57025318,0.60,-478.02,1740
1698,57027317,0.60,-477.95,1740
1699,57029318,0.60,-477.95,1740
1700,57031317,0.60,-477.95,1740
1701,57033318,0.60,-478.05,1740
1702,57035318,0.60,-478.05,1740
1703,57037317,0.60,-478.05,1740
1704,57039318,0.60,-478.02,1740
1705,57041318,0.60,-478.02,1740
1706,57043317,0.60,-478.02,1740
1707,57045318,0.60,-478.06,1740
1708,57047318,0.60,-478.06,1740
1709,57049317,0.60,-478.06,1740
1710,57051318,0.60,-478.08,1740
1711,57053318,0.60,-478.08,1740
1712,57055317,0.60,-478.08,1740
1713,57057318,0.60,-478.07,1740
1714,57059318,0.60,-478.07,1740
1715,57061317,0.60,-478.07,1740
1716,57063318,0.60,-478.09,1740
1717,57065318,0.60,-478.09,1740
1718,57067318,0.60,-478.09,1740
1719,57069317,0.60,-478.12,1740
1720,57071318,0.60,-478.12,1740
1721,57073317,0.60,-478.12,1740
1722,57075318,0.60,-478.15,1740
1723,57077318,0.60,-478.15,1740
1724,57079317,0.60,-478.15,1740
1725,57081318,0.60,-478.05,1740
1726,57083318,0.60,-478.05,1740
1727,57085318,0.60,-478.05,1740
1728,57087317,0.60,-477.98,1740
1729,57089318,0.60,-477.98,1740
1730,57091318,0.60,-477.98,1740
1731,57093317,0.60,-478.02,1740
1732,57095318,0.60,-478.02,1740
1733,57097317,0.60,-478.02,1740
1734,57099318,0.60,-477.94,1740
1735,57101318,0.60,-477.94,1740
1736,57103317,0.60,-477.94,1740
1737,57105318,0.60,-477.97,1740
1738,57107318,0.60,-477.97,1740
1739,57109318,0.60,-477.97,1740
1740,57111317,0.60,-477.96,1740
1741,57113318,0.60,-477.96,1740
1742,57115317,0.60,-477.96,1740
1743,57117318,0.60,-477.90,1740
1744,57119318,0.60,-477.90,1740
1745,57121317,0.60,-477.90,1740
1746,57123318,0.60,-477.88,1740
1747,57125318,0.60,-477.88,1740
1748,57127318,0.60,-477.88,1740
1749,57129317,0.60,-477.82,1740
1750,57131318,0.60,-477.82,1740
1751,57133318,0.60,-477.82,1740
1752,57135317,0.60,-477.88,1740
1753,57137318,0.60,-477.88,1740
1754,57139318,0.60,-477.88,1740
1755,57141317,0.60,-477.87,1740
1756,57143318,0.60,-477.87,1740
1757,57145317,0.60,-477.87,1740
1758,57147318,0.60,-477.86,1740
1759,57149318,0.60,-477.86,1740
1760,57151317,0.60,-477.86,1740
1761,57153318,0.60,-477.90,1740
1762,57155318,0.60,-477.90,1740
1763,57157317,0.60,-477.90,1740
1764,57159318,0.60,-477.89,1740
1765,57161318,0.60,-477.89,1740
1766,57163317,0.60,-477.89,1740
1767,57165318,0.60,-478.00,1740
1768,57167318,0.60,-478.00,1740
1769,57169317,0.60,-478.00,1740
1770,57171318,0.60,-478.05,1740
1771,57173318,0.60,-478.05,1740
1772,57175317,0.60,-478.05,1740
1773,57177318,0.60,-478.02,1740
1774,57179318,0.60,-478.02,1740
1775,57181318,0.60,-478.02,1740
1776,57183317,0.60,-477.95,1740
1777,57185318,0.60,-477.95,1740
1778,57187318,0.60,-477.95,1740
1779,57189317,0.60,-477.87,1740
1780,57191318,0.60,-477.87,1740
1781,57193317,0.60,-477.87,1740
1782,57195318,0.60,-477.91,1740
1783,57197318,0.60,-477.91,1740
1784,57199317,0.60,-477.91,1740
1785,57201318,0.60,-477.79,1740
1786,57203318,0.60,-477.79,1740
1787,57205318,0.60,-477.79,1740
1788,57207317,0.60,-477.85,1740
1789,57209318,0.60,-477.85,1740
1790,57211317,0.60,-477.85,1740
1791,57213318,0.60,-477.96,1740
1792,57215318,0.60,-477.96,1740
1793,57217317,0.60,-477.96,1740
1794,57219318,0.60,-478.01,1740
1795,57221318,0.60,-478.01,1740
1796,57223317,0.60,-478.01,1740
1797,57225318,0.60,-478.09,1740
1798,57227318,0.60,-478.09,1740
1799,57229318,0.60,-478.09,1740
1800,57231317,0.60,-478.07,1740
1801,57233318,0.60,-478.07,1740
1802,57235318,0.60,-478.07,1740
1803,57237318,0.60,-478.10,1740
1804,57239318,0.60,-478.10,1740
1805,57241318,0.60,-478.10,1740
1806,57243317,0.60,-478.08,1740
1807,57245318,0.60,-478.08,1740
1808,57247317,0.60,-478.08,1740
1809,57249318,0.60,-478.04,1740
1810,57251318,0.60,-478.04,1740
1811,57253318,0.60,-478.04,1740
1812,57255317,0.60,-478.14,1740
1813,57257318,0.60,-478.14,1740
1814,57259317,0.60,-478.14,1740
1815,57261318,0.60,-478.10,1740
1816,57263318,0.60,-478.10,1740
1817,57265318,0.60,-478.10,1740
1818,57267317,0.60,-478.13,1740
1819,57269318,0.60,-478.13,1740
1820,57271318,0.60,-478.13,1740
1821,57273317,0.60,-478.16,1740
1822,57275318,0.60,-478.16,1740
1823,57277317,0.60,-478.16,1740
1824,57279318,0.60,-478.11,1740
1825,57281318,0.60,-478.11,1740
1826,57283317,0.60,-478.11,1740
1827,57285318,0.60,-478.14,1740
1828,57287318,0.60,-478.14,1740
1829,57289317,0.60,-478.14,1740
1830,57291318,0.60,-478.11,1740
1831,57293318,0.60,-478.11,1740
1832,57295317,0.60,-478.11,1740
1833,57297318,0.60,-478.20,1740
1834,57299318,0.60,-478.20,1740
1835,57301318,0.60,-478.20,1740
1836,57303317,0.60,-478.21,1740
1837,57305318,0.60,-478.21,1740
1838,57307317,0.60,-478.21,1740
1839,57309318,0.60,-478.16,1740
1840,57311318,0.60,-478.16,1740
1841,57313317,0.60,-478.16,1740
1842,57315318,0.60,-478.19,1740
1843,57317318,0.60,-478.19,1740
1844,57319317,0.60,-478.19,1740
1845,57321318,0.60,-478.21,1740
1846,57323318,0.60,-478.21,1740
1847,57325317,0.60,-478.21,1740
1848,57327318,0.60,-478.28,1740
1849,57329318,0.60,-478.28,1740
1850,57331317,0.60,-478.28,1740
1851,57333318,0.60,-478.23,1740
1852,57335318,0.60,-478.23,1740
1853,57337317,0.60,-478.23,1740
1854,57339318,0.60,-478.25,1740
1855,57341318,0.60,-478.25,1740
1856,57343317,0.60,-478.25,1740
1857,57345318,0.60,-478.20,1740
1858,57347318,0.60,-478.20,1740
1859,57349317,0.60,-478.20,1740
1860,57351318,0.60,-478.11,1740
1861,57353318,0.60,-478.11,1740
1862,57355318,0.60,-478.11,1740
1863,57357317,0.60,-478.08,1740
1864,57359318,0.60,-478.08,1740
1865,57361317,0.60,-478.08,1740
1866,57363318,0.60,-477.99,1740
1867,57365318,0.60,-477.99,1740
1868,57367318,0.60,-477.99,1740
1869,57369317,0.60,-478.04,1740
1870,57371318,0.60,-478.04,1740
1871,57373318,0.60,-478.04,1740
1872,57375317,0.60,-478.07,1740
1873,57377318,0.60,-478.07,1740
1874,57379318,0.60,-478.07,1740
1875,57381317,0.60,-478.04,1740
1876,57383318,0.60,-478.04,1740
1877,57385318,0.60,-478.04,1740
1878,57387317,0.60,-478.08,1740
1879,57389318,0.60,-478.08,1740
1880,57391318,0.60,-478.08,1740
1881,57393317,0.60,-477.99,1740
1882,57395318,0.60,-477.99,1740
1883,57397318,0.60,-477.99,1740
1884,57399317,0.60,-478.04,1740
1885,57401318,0.60,-478.04,1740
1886,57403318,0.60,-478.04,1740
1887,57405317,0.60,-478.01,1740
1888,57407318,0.60,-478.01,1740
1889,57409317,0.60,-478.01,1740
1890,57411318,0.60,-477.98,1740
1891,57413318,0.60,-477.98,1740
1892,57415317,0.60,-477.98,1740
1893,57417318,0.60,-477.91,1740
1894,57419318,0.60,-477.91,1740
1895,57421317,0.60,-477.91,1740
1896,57423318,0.60,-477.84,1740
1897,57425318,0.60,-477.84,1740
1898,57427317,0.60,-477.84,1740
1899,57429318,0.60,-477.89,1740
1900,57431318,0.60,-477.89,1740
1901,57433318,0.60,-477.89,1740
1902,57435317,0.60,-477.72,1740
1903,57437318,0.60,-477.72,1740
1904,57439317,0.60,-477.72,1740
1905,57441318,0.60,-477.77,1740
1906,57443318,0.60,-477.77,1740
1907,57445317,0.60,-477.77,1740
1908,57447318,0.60,-477.90,1740
1909,57449318,0.60,-477.90,1740
1910,57451318,0.60,-477.90,1740
1911,57453317,0.60,-477.84,1740
1912,57455318,0.60,-477.84,1740
1913,57457317,0.60,-477.84,1740
1914,57459318,0.60,-477.89,1740
1915,57461318,0.60,-477.89,1740
1916,57463318,0.60,-477.89,1740
1917,57465317,0.60,-477.89,1740
1918,57467318,0.60,-477.89,1740
1919,57469318,0.60,-477.89,1740
1920,57471318,0.60,-477.88,1740
1921,57473318,0.60,-477.88,1740
1922,57475318,0.60,-477.88,1740
1923,57477317,0.60,-477.81,1740
1924,57479318,0.60,-477.81,1740
1925,57481317,0.60,-477.81,1740
1926,57483318,0.60,-477.74,1740
1927,57485318,0.60,-477.74,1740
1928,57487317,0.60,-477.74,1740
1929,57489318,0.60,-477.81,1740
1930,57491318,0.60,-477.81,1740
1931,57493317,0.60,-477.81,1740
1932,57495318,0.60,-477.76,1740
1933,57497318,0.60,-477.76,1740
1934,57499318,0.60,-477.76,1740
1935,57501317,0.60,-477.82,1740
1936,57503318,0.60,-477.82,1740
1937,57505317,0.60,-477.82,1740
1938,57507318,0.60,-477.82,1740
1939,57509318,0.60,-477.82,1740
1940,57511317,0.60,-477.82,1740
1941,57513318,0.60,-477.87,1740
1942,57515318,0.60,-477.87,1740
1943,57517318,0.60,-477.87,1740
1944,57519317,0.60,-477.81,1740
1945,57521318,0.60,-477.81,1740
1946,57523318,0.60,-477.81,1740
1947,57525317,0.60,-477.76,1740
1948,57527318,0.60,-477.76,1740
1949,57529317,0.60,-477.76,1740
1950,57531318,0.60,-477.80,1740
1951,57533318,0.60,-477.80,1740
1952,57535317,0.60,-477.80,1740
1953,57537318,0.60,-477.75,1740
1954,57539318,0.60,-477.75,1740
1955,57541318,0.60,-477.75,1740
1956,57543317,0.60,-477.88,1740
1957,57545318,0.60,-477.88,1740
1958,57547317,0.60,-477.88,1740
1959,57549318,0.60,-477.92,1740
1960,57551318,0.60,-477.92,1740
1961,57553317,0.60,-477.92,1740
1962,57555318,0.60,-477.91,1740
1963,57557318,0.60,-477.91,1740
1964,57559318,0.60,-477.91,1740
1965,57561317,0.60,-478.03,1740
1966,57563318,0.60,-478.03,1740
1967,57565317,0.60,-478.03,1740
1968,57567318,0.60,-478.00,1740
1969,57569318,0.60,-478.00,1740
1970,57571317,0.60,-478.00,1740
1971,57573318,0.60,-478.09,1740
1972,57575318,0.60,-478.09,1740
1973,57577318,0.60,-478.09,1740
1974,57579317,0.60,-478.12,1740
1975,57581318,0.60,-478.12,1740
1976,57583318,0.60,-478.12,1740
1977,57585318,0.60,-478.08,1740
1978,57587317,0.60,-478.08,1740
1979,57589318,0.60,-478.08,1740
1980,57591318,0.60,-478.12,1740
1981,57593318,0.60,-478.12,1740
1982,57595317,0.60,-478.12,1740
1983,57597318,0.60,-478.03,1740
1984,57599318,0.60,-478.03,1740
1985,57601317,0.60,-478.03,1740
1986,57603318,0.60,-478.11,1740
1987,57605318,0.60,-478.11,1740
1988,57607318,0.60,-478.11,1740
1989,57609317,0.60,-478.09,1740
1990,57611318,0.60,-478.09,1740
1991,57613317,0.60,-478.09,1740
1992,57615318,0.60,-478.05,1740
1993,57617318,0.60,-478.05,1740
1994,57619317,0.60,-478.05,1740
1995,57621318,0.60,-478.09,1740
1996,57623318,0.60,-478.09,1740
1997,57625318,0.60,-478.09,1740
1998,57627317,0.60,-478.07,1740
1999,57629318,0.60,-478.07,1740